BioSample,Run,LibraryName,refGenome,refPath,fq1,fq2
Sample1,L01_501,V350052317_L01_B5GTURdgknRAAAA-501,SAMN31394215,/home/lgh0053/Terrapin_Project/VCF_generation/data/reference/ncbi_dataset/data/GCF_027887155.1/GCF_027887155.1_rMalTer1.hap1_genomic.fna,/scratch/lgh0053/terrapin_data/clean/1/V350052317_L01_B5GTURdgknRAAAA-501_1.fq.gz,/scratch/lgh0053/terrapin_data/clean/1/V350052317_L01_B5GTURdgknRAAAA-501_2.fq.gz
Sample1,L01_502,V350052317_L01_B5GTURdgknRAAAA-502,SAMN31394215,/home/lgh0053/Terrapin_Project/VCF_generation/data/reference/ncbi_dataset/data/GCF_027887155.1/GCF_027887155.1_rMalTer1.hap1_genomic.fna,/scratch/lgh0053/terrapin_data/clean/1/V350052317_L01_B5GTURdgknRAAAA-502_1.fq.gz,/scratch/lgh0053/terrapin_data/clean/1/V350052317_L01_B5GTURdgknRAAAA-502_2.fq.gz
Sample1,L02_501,V350052317_L02_B5GTURdgknRAAAA-501,SAMN31394215,/home/lgh0053/Terrapin_Project/VCF_generation/data/reference/ncbi_dataset/data/GCF_027887155.1/GCF_027887155.1_rMalTer1.hap1_genomic.fna,/scratch/lgh0053/terrapin_data/clean/1/V350052317_L02_B5GTURdgknRAAAA-501_1.fq.gz,/scratch/lgh0053/terrapin_data/clean/1/V350052317_L02_B5GTURdgknRAAAA-501_2.fq.gz
Sample1,L02_502,V350052317_L02_B5GTURdgknRAAAA-502,SAMN31394215,/home/lgh0053/Terrapin_Project/VCF_generation/data/reference/ncbi_dataset/data/GCF_027887155.1/GCF_027887155.1_rMalTer1.hap1_genomic.fna,/scratch/lgh0053/terrapin_data/clean/1/V350052317_L02_B5GTURdgknRAAAA-502_1.fq.gz,/scratch/lgh0053/terrapin_data/clean/1/V350052317_L02_B5GTURdgknRAAAA-502_2.fq.gz
Sample1,L03_501,V350052317_L03_B5GTURdgknRAAAA-501,SAMN31394215,/home/lgh0053/Terrapin_Project/VCF_generation/data/reference/ncbi_dataset/data/GCF_027887155.1/GCF_027887155.1_rMalTer1.hap1_genomic.fna,/scratch/lgh0053/terrapin_data/clean/1/V350052317_L03_B5GTURdgknRAAAA-501_1.fq.gz,/scratch/lgh0053/terrapin_data/clean/1/V350052317_L03_B5GTURdgknRAAAA-501_2.fq.gz
Sample1,L03_502,V350052317_L03_B5GTURdgknRAAAA-502,SAMN31394215,/home/lgh0053/Terrapin_Project/VCF_generation/data/reference/ncbi_dataset/data/GCF_027887155.1/GCF_027887155.1_rMalTer1.hap1_genomic.fna,/scratch/lgh0053/terrapin_data/clean/1/V350052317_L03_B5GTURdgknRAAAA-502_1.fq.gz,/scratch/lgh0053/terrapin_data/clean/1/V350052317_L03_B5GTURdgknRAAAA-502_2.fq.gz
Sample1,L04_501,V350052317_L04_B5GTURdgknRAAAA-501,SAMN31394215,/home/lgh0053/Terrapin_Project/VCF_generation/data/reference/ncbi_dataset/data/GCF_027887155.1/GCF_027887155.1_rMalTer1.hap1_genomic.fna,/scratch/lgh0053/terrapin_data/clean/1/V350052317_L04_B5GTURdgknRAAAA-501_1.fq.gz,/scratch/lgh0053/terrapin_data/clean/1/V350052317_L04_B5GTURdgknRAAAA-501_2.fq.gz
Sample1,L04_502,V350052317_L04_B5GTURdgknRAAAA-502,SAMN31394215,/home/lgh0053/Terrapin_Project/VCF_generation/data/reference/ncbi_dataset/data/GCF_027887155.1/GCF_027887155.1_rMalTer1.hap1_genomic.fna,/scratch/lgh0053/terrapin_data/clean/1/V350052317_L04_B5GTURdgknRAAAA-502_1.fq.gz,/scratch/lgh0053/terrapin_data/clean/1/V350052317_L04_B5GTURdgknRAAAA-502_2.fq.gz
Sample14,L01_565,V350053342_L01_B5GTURdgknRAAQA-565,SAMN31394215,/home/lgh0053/Terrapin_Project/VCF_generation/data/reference/ncbi_dataset/data/GCF_027887155.1/GCF_027887155.1_rMalTer1.hap1_genomic.fna,/scratch/lgh0053/terrapin_data/clean/14/V350053342_L01_B5GTURdgknRAAQA-565_1.fq.gz,/scratch/lgh0053/terrapin_data/clean/14/V350053342_L01_B5GTURdgknRAAQA-565_2.fq.gz
Sample14,L01_566,V350053342_L01_B5GTURdgknRAAQA-566,SAMN31394215,/home/lgh0053/Terrapin_Project/VCF_generation/data/reference/ncbi_dataset/data/GCF_027887155.1/GCF_027887155.1_rMalTer1.hap1_genomic.fna,/scratch/lgh0053/terrapin_data/clean/14/V350053342_L01_B5GTURdgknRAAQA-566_1.fq.gz,/scratch/lgh0053/terrapin_data/clean/14/V350053342_L01_B5GTURdgknRAAQA-566_2.fq.gz
Sample14,L02_565,V350053342_L02_B5GTURdgknRAAQA-565,SAMN31394215,/home/lgh0053/Terrapin_Project/VCF_generation/data/reference/ncbi_dataset/data/GCF_027887155.1/GCF_027887155.1_rMalTer1.hap1_genomic.fna,/scratch/lgh0053/terrapin_data/clean/14/V350053342_L02_B5GTURdgknRAAQA-565_1.fq.gz,/scratch/lgh0053/terrapin_data/clean/14/V350053342_L02_B5GTURdgknRAAQA-565_2.fq.gz
Sample14,L02_566,V350053342_L02_B5GTURdgknRAAQA-566,SAMN31394215,/home/lgh0053/Terrapin_Project/VCF_generation/data/reference/ncbi_dataset/data/GCF_027887155.1/GCF_027887155.1_rMalTer1.hap1_genomic.fna,/scratch/lgh0053/terrapin_data/clean/14/V350053342_L02_B5GTURdgknRAAQA-566_1.fq.gz,/scratch/lgh0053/terrapin_data/clean/14/V350053342_L02_B5GTURdgknRAAQA-566_2.fq.gz
Sample14,L03_565,V350053342_L03_B5GTURdgknRAAQA-565,SAMN31394215,/home/lgh0053/Terrapin_Project/VCF_generation/data/reference/ncbi_dataset/data/GCF_027887155.1/GCF_027887155.1_rMalTer1.hap1_genomic.fna,/scratch/lgh0053/terrapin_data/clean/14/V350053342_L03_B5GTURdgknRAAQA-565_1.fq.gz,/scratch/lgh0053/terrapin_data/clean/14/V350053342_L03_B5GTURdgknRAAQA-565_2.fq.gz
Sample14,L03_566,V350053342_L03_B5GTURdgknRAAQA-566,SAMN31394215,/home/lgh0053/Terrapin_Project/VCF_generation/data/reference/ncbi_dataset/data/GCF_027887155.1/GCF_027887155.1_rMalTer1.hap1_genomic.fna,/scratch/lgh0053/terrapin_data/clean/14/V350053342_L03_B5GTURdgknRAAQA-566_1.fq.gz,/scratch/lgh0053/terrapin_data/clean/14/V350053342_L03_B5GTURdgknRAAQA-566_2.fq.gz
Sample14,L04_565,V350053342_L04_B5GTURdgknRAAQA-565,SAMN31394215,/home/lgh0053/Terrapin_Project/VCF_generation/data/reference/ncbi_dataset/data/GCF_027887155.1/GCF_027887155.1_rMalTer1.hap1_genomic.fna,/scratch/lgh0053/terrapin_data/clean/14/V350053342_L04_B5GTURdgknRAAQA-565_1.fq.gz,/scratch/lgh0053/terrapin_data/clean/14/V350053342_L04_B5GTURdgknRAAQA-565_2.fq.gz
Sample14,L04_566,V350053342_L04_B5GTURdgknRAAQA-566,SAMN31394215,/home/lgh0053/Terrapin_Project/VCF_generation/data/reference/ncbi_dataset/data/GCF_027887155.1/GCF_027887155.1_rMalTer1.hap1_genomic.fna,/scratch/lgh0053/terrapin_data/clean/14/V350053342_L04_B5GTURdgknRAAQA-566_1.fq.gz,/scratch/lgh0053/terrapin_data/clean/14/V350053342_L04_B5GTURdgknRAAQA-566_2.fq.gz
Sample141,L01_527,V350053297_L01_B5GTURdgknRAANA-527,SAMN31394215,/home/lgh0053/Terrapin_Project/VCF_generation/data/reference/ncbi_dataset/data/GCF_027887155.1/GCF_027887155.1_rMalTer1.hap1_genomic.fna,/scratch/lgh0053/terrapin_data/clean/141/V350053297_L01_B5GTURdgknRAANA-527_1.fq.gz,/scratch/lgh0053/terrapin_data/clean/141/V350053297_L01_B5GTURdgknRAANA-527_2.fq.gz
Sample141,L01_528,V350053297_L01_B5GTURdgknRAANA-528,SAMN31394215,/home/lgh0053/Terrapin_Project/VCF_generation/data/reference/ncbi_dataset/data/GCF_027887155.1/GCF_027887155.1_rMalTer1.hap1_genomic.fna,/scratch/lgh0053/terrapin_data/clean/141/V350053297_L01_B5GTURdgknRAANA-528_1.fq.gz,/scratch/lgh0053/terrapin_data/clean/141/V350053297_L01_B5GTURdgknRAANA-528_2.fq.gz
Sample141,L02_527,V350053297_L02_B5GTURdgknRAANA-527,SAMN31394215,/home/lgh0053/Terrapin_Project/VCF_generation/data/reference/ncbi_dataset/data/GCF_027887155.1/GCF_027887155.1_rMalTer1.hap1_genomic.fna,/scratch/lgh0053/terrapin_data/clean/141/V350053297_L02_B5GTURdgknRAANA-527_1.fq.gz,/scratch/lgh0053/terrapin_data/clean/141/V350053297_L02_B5GTURdgknRAANA-527_2.fq.gz
Sample141,L02_528,V350053297_L02_B5GTURdgknRAANA-528,SAMN31394215,/home/lgh0053/Terrapin_Project/VCF_generation/data/reference/ncbi_dataset/data/GCF_027887155.1/GCF_027887155.1_rMalTer1.hap1_genomic.fna,/scratch/lgh0053/terrapin_data/clean/141/V350053297_L02_B5GTURdgknRAANA-528_1.fq.gz,/scratch/lgh0053/terrapin_data/clean/141/V350053297_L02_B5GTURdgknRAANA-528_2.fq.gz
Sample141,L03_527,V350053297_L03_B5GTURdgknRAANA-527,SAMN31394215,/home/lgh0053/Terrapin_Project/VCF_generation/data/reference/ncbi_dataset/data/GCF_027887155.1/GCF_027887155.1_rMalTer1.hap1_genomic.fna,/scratch/lgh0053/terrapin_data/clean/141/V350053297_L03_B5GTURdgknRAANA-527_1.fq.gz,/scratch/lgh0053/terrapin_data/clean/141/V350053297_L03_B5GTURdgknRAANA-527_2.fq.gz
Sample141,L03_528,V350053297_L03_B5GTURdgknRAANA-528,SAMN31394215,/home/lgh0053/Terrapin_Project/VCF_generation/data/reference/ncbi_dataset/data/GCF_027887155.1/GCF_027887155.1_rMalTer1.hap1_genomic.fna,/scratch/lgh0053/terrapin_data/clean/141/V350053297_L03_B5GTURdgknRAANA-528_1.fq.gz,/scratch/lgh0053/terrapin_data/clean/141/V350053297_L03_B5GTURdgknRAANA-528_2.fq.gz
Sample141,L04_527,V350053297_L04_B5GTURdgknRAANA-527,SAMN31394215,/home/lgh0053/Terrapin_Project/VCF_generation/data/reference/ncbi_dataset/data/GCF_027887155.1/GCF_027887155.1_rMalTer1.hap1_genomic.fna,/scratch/lgh0053/terrapin_data/clean/141/V350053297_L04_B5GTURdgknRAANA-527_1.fq.gz,/scratch/lgh0053/terrapin_data/clean/141/V350053297_L04_B5GTURdgknRAANA-527_2.fq.gz
Sample141,L04_528,V350053297_L04_B5GTURdgknRAANA-528,SAMN31394215,/home/lgh0053/Terrapin_Project/VCF_generation/data/reference/ncbi_dataset/data/GCF_027887155.1/GCF_027887155.1_rMalTer1.hap1_genomic.fna,/scratch/lgh0053/terrapin_data/clean/141/V350053297_L04_B5GTURdgknRAANA-528_1.fq.gz,/scratch/lgh0053/terrapin_data/clean/141/V350053297_L04_B5GTURdgknRAANA-528_2.fq.gz
Sample153,L01_529,V350053297_L01_B5GTURdgknRAAOA-529,SAMN31394215,/home/lgh0053/Terrapin_Project/VCF_generation/data/reference/ncbi_dataset/data/GCF_027887155.1/GCF_027887155.1_rMalTer1.hap1_genomic.fna,/scratch/lgh0053/terrapin_data/clean/153/V350053297_L01_B5GTURdgknRAAOA-529_1.fq.gz,/scratch/lgh0053/terrapin_data/clean/153/V350053297_L01_B5GTURdgknRAAOA-529_2.fq.gz
Sample153,L01_530,V350053297_L01_B5GTURdgknRAAOA-530,SAMN31394215,/home/lgh0053/Terrapin_Project/VCF_generation/data/reference/ncbi_dataset/data/GCF_027887155.1/GCF_027887155.1_rMalTer1.hap1_genomic.fna,/scratch/lgh0053/terrapin_data/clean/153/V350053297_L01_B5GTURdgknRAAOA-530_1.fq.gz,/scratch/lgh0053/terrapin_data/clean/153/V350053297_L01_B5GTURdgknRAAOA-530_2.fq.gz
Sample153,L02_529,V350053297_L02_B5GTURdgknRAAOA-529,SAMN31394215,/home/lgh0053/Terrapin_Project/VCF_generation/data/reference/ncbi_dataset/data/GCF_027887155.1/GCF_027887155.1_rMalTer1.hap1_genomic.fna,/scratch/lgh0053/terrapin_data/clean/153/V350053297_L02_B5GTURdgknRAAOA-529_1.fq.gz,/scratch/lgh0053/terrapin_data/clean/153/V350053297_L02_B5GTURdgknRAAOA-529_2.fq.gz
Sample153,L02_530,V350053297_L02_B5GTURdgknRAAOA-530,SAMN31394215,/home/lgh0053/Terrapin_Project/VCF_generation/data/reference/ncbi_dataset/data/GCF_027887155.1/GCF_027887155.1_rMalTer1.hap1_genomic.fna,/scratch/lgh0053/terrapin_data/clean/153/V350053297_L02_B5GTURdgknRAAOA-530_1.fq.gz,/scratch/lgh0053/terrapin_data/clean/153/V350053297_L02_B5GTURdgknRAAOA-530_2.fq.gz
Sample153,L03_529,V350053297_L03_B5GTURdgknRAAOA-529,SAMN31394215,/home/lgh0053/Terrapin_Project/VCF_generation/data/reference/ncbi_dataset/data/GCF_027887155.1/GCF_027887155.1_rMalTer1.hap1_genomic.fna,/scratch/lgh0053/terrapin_data/clean/153/V350053297_L03_B5GTURdgknRAAOA-529_1.fq.gz,/scratch/lgh0053/terrapin_data/clean/153/V350053297_L03_B5GTURdgknRAAOA-529_2.fq.gz
Sample153,L03_530,V350053297_L03_B5GTURdgknRAAOA-530,SAMN31394215,/home/lgh0053/Terrapin_Project/VCF_generation/data/reference/ncbi_dataset/data/GCF_027887155.1/GCF_027887155.1_rMalTer1.hap1_genomic.fna,/scratch/lgh0053/terrapin_data/clean/153/V350053297_L03_B5GTURdgknRAAOA-530_1.fq.gz,/scratch/lgh0053/terrapin_data/clean/153/V350053297_L03_B5GTURdgknRAAOA-530_2.fq.gz
Sample153,L04_529,V350053297_L04_B5GTURdgknRAAOA-529,SAMN31394215,/home/lgh0053/Terrapin_Project/VCF_generation/data/reference/ncbi_dataset/data/GCF_027887155.1/GCF_027887155.1_rMalTer1.hap1_genomic.fna,/scratch/lgh0053/terrapin_data/clean/153/V350053297_L04_B5GTURdgknRAAOA-529_1.fq.gz,/scratch/lgh0053/terrapin_data/clean/153/V350053297_L04_B5GTURdgknRAAOA-529_2.fq.gz
Sample153,L04_530,V350053297_L04_B5GTURdgknRAAOA-530,SAMN31394215,/home/lgh0053/Terrapin_Project/VCF_generation/data/reference/ncbi_dataset/data/GCF_027887155.1/GCF_027887155.1_rMalTer1.hap1_genomic.fna,/scratch/lgh0053/terrapin_data/clean/153/V350053297_L04_B5GTURdgknRAAOA-530_1.fq.gz,/scratch/lgh0053/terrapin_data/clean/153/V350053297_L04_B5GTURdgknRAAOA-530_2.fq.gz
Sample17,L01_509,V350052317_L01_B5GTURdgknRAAEA-509,SAMN31394215,/home/lgh0053/Terrapin_Project/VCF_generation/data/reference/ncbi_dataset/data/GCF_027887155.1/GCF_027887155.1_rMalTer1.hap1_genomic.fna,/scratch/lgh0053/terrapin_data/clean/17/V350052317_L01_B5GTURdgknRAAEA-509_1.fq.gz,/scratch/lgh0053/terrapin_data/clean/17/V350052317_L01_B5GTURdgknRAAEA-509_2.fq.gz
Sample17,L01_510,V350052317_L01_B5GTURdgknRAAEA-510,SAMN31394215,/home/lgh0053/Terrapin_Project/VCF_generation/data/reference/ncbi_dataset/data/GCF_027887155.1/GCF_027887155.1_rMalTer1.hap1_genomic.fna,/scratch/lgh0053/terrapin_data/clean/17/V350052317_L01_B5GTURdgknRAAEA-510_1.fq.gz,/scratch/lgh0053/terrapin_data/clean/17/V350052317_L01_B5GTURdgknRAAEA-510_2.fq.gz
Sample17,L02_509,V350052317_L02_B5GTURdgknRAAEA-509,SAMN31394215,/home/lgh0053/Terrapin_Project/VCF_generation/data/reference/ncbi_dataset/data/GCF_027887155.1/GCF_027887155.1_rMalTer1.hap1_genomic.fna,/scratch/lgh0053/terrapin_data/clean/17/V350052317_L02_B5GTURdgknRAAEA-509_1.fq.gz,/scratch/lgh0053/terrapin_data/clean/17/V350052317_L02_B5GTURdgknRAAEA-509_2.fq.gz
Sample17,L02_510,V350052317_L02_B5GTURdgknRAAEA-510,SAMN31394215,/home/lgh0053/Terrapin_Project/VCF_generation/data/reference/ncbi_dataset/data/GCF_027887155.1/GCF_027887155.1_rMalTer1.hap1_genomic.fna,/scratch/lgh0053/terrapin_data/clean/17/V350052317_L02_B5GTURdgknRAAEA-510_1.fq.gz,/scratch/lgh0053/terrapin_data/clean/17/V350052317_L02_B5GTURdgknRAAEA-510_2.fq.gz
Sample17,L03_509,V350052317_L03_B5GTURdgknRAAEA-509,SAMN31394215,/home/lgh0053/Terrapin_Project/VCF_generation/data/reference/ncbi_dataset/data/GCF_027887155.1/GCF_027887155.1_rMalTer1.hap1_genomic.fna,/scratch/lgh0053/terrapin_data/clean/17/V350052317_L03_B5GTURdgknRAAEA-509_1.fq.gz,/scratch/lgh0053/terrapin_data/clean/17/V350052317_L03_B5GTURdgknRAAEA-509_2.fq.gz
Sample17,L03_510,V350052317_L03_B5GTURdgknRAAEA-510,SAMN31394215,/home/lgh0053/Terrapin_Project/VCF_generation/data/reference/ncbi_dataset/data/GCF_027887155.1/GCF_027887155.1_rMalTer1.hap1_genomic.fna,/scratch/lgh0053/terrapin_data/clean/17/V350052317_L03_B5GTURdgknRAAEA-510_1.fq.gz,/scratch/lgh0053/terrapin_data/clean/17/V350052317_L03_B5GTURdgknRAAEA-510_2.fq.gz
Sample17,L04_509,V350052317_L04_B5GTURdgknRAAEA-509,SAMN31394215,/home/lgh0053/Terrapin_Project/VCF_generation/data/reference/ncbi_dataset/data/GCF_027887155.1/GCF_027887155.1_rMalTer1.hap1_genomic.fna,/scratch/lgh0053/terrapin_data/clean/17/V350052317_L04_B5GTURdgknRAAEA-509_1.fq.gz,/scratch/lgh0053/terrapin_data/clean/17/V350052317_L04_B5GTURdgknRAAEA-509_2.fq.gz
Sample17,L04_510,V350052317_L04_B5GTURdgknRAAEA-510,SAMN31394215,/home/lgh0053/Terrapin_Project/VCF_generation/data/reference/ncbi_dataset/data/GCF_027887155.1/GCF_027887155.1_rMalTer1.hap1_genomic.fna,/scratch/lgh0053/terrapin_data/clean/17/V350052317_L04_B5GTURdgknRAAEA-510_1.fq.gz,/scratch/lgh0053/terrapin_data/clean/17/V350052317_L04_B5GTURdgknRAAEA-510_2.fq.gz
Sample18,L01_511,V350052317_L01_B5GTURdgknRAAFA-511,SAMN31394215,/home/lgh0053/Terrapin_Project/VCF_generation/data/reference/ncbi_dataset/data/GCF_027887155.1/GCF_027887155.1_rMalTer1.hap1_genomic.fna,/scratch/lgh0053/terrapin_data/clean/18/V350052317_L01_B5GTURdgknRAAFA-511_1.fq.gz,/scratch/lgh0053/terrapin_data/clean/18/V350052317_L01_B5GTURdgknRAAFA-511_2.fq.gz
Sample18,L01_512,V350052317_L01_B5GTURdgknRAAFA-512,SAMN31394215,/home/lgh0053/Terrapin_Project/VCF_generation/data/reference/ncbi_dataset/data/GCF_027887155.1/GCF_027887155.1_rMalTer1.hap1_genomic.fna,/scratch/lgh0053/terrapin_data/clean/18/V350052317_L01_B5GTURdgknRAAFA-512_1.fq.gz,/scratch/lgh0053/terrapin_data/clean/18/V350052317_L01_B5GTURdgknRAAFA-512_2.fq.gz
Sample18,L02_511,V350052317_L02_B5GTURdgknRAAFA-511,SAMN31394215,/home/lgh0053/Terrapin_Project/VCF_generation/data/reference/ncbi_dataset/data/GCF_027887155.1/GCF_027887155.1_rMalTer1.hap1_genomic.fna,/scratch/lgh0053/terrapin_data/clean/18/V350052317_L02_B5GTURdgknRAAFA-511_1.fq.gz,/scratch/lgh0053/terrapin_data/clean/18/V350052317_L02_B5GTURdgknRAAFA-511_2.fq.gz
Sample18,L02_512,V350052317_L02_B5GTURdgknRAAFA-512,SAMN31394215,/home/lgh0053/Terrapin_Project/VCF_generation/data/reference/ncbi_dataset/data/GCF_027887155.1/GCF_027887155.1_rMalTer1.hap1_genomic.fna,/scratch/lgh0053/terrapin_data/clean/18/V350052317_L02_B5GTURdgknRAAFA-512_1.fq.gz,/scratch/lgh0053/terrapin_data/clean/18/V350052317_L02_B5GTURdgknRAAFA-512_2.fq.gz
Sample18,L03_511,V350052317_L03_B5GTURdgknRAAFA-511,SAMN31394215,/home/lgh0053/Terrapin_Project/VCF_generation/data/reference/ncbi_dataset/data/GCF_027887155.1/GCF_027887155.1_rMalTer1.hap1_genomic.fna,/scratch/lgh0053/terrapin_data/clean/18/V350052317_L03_B5GTURdgknRAAFA-511_1.fq.gz,/scratch/lgh0053/terrapin_data/clean/18/V350052317_L03_B5GTURdgknRAAFA-511_2.fq.gz
Sample18,L03_512,V350052317_L03_B5GTURdgknRAAFA-512,SAMN31394215,/home/lgh0053/Terrapin_Project/VCF_generation/data/reference/ncbi_dataset/data/GCF_027887155.1/GCF_027887155.1_rMalTer1.hap1_genomic.fna,/scratch/lgh0053/terrapin_data/clean/18/V350052317_L03_B5GTURdgknRAAFA-512_1.fq.gz,/scratch/lgh0053/terrapin_data/clean/18/V350052317_L03_B5GTURdgknRAAFA-512_2.fq.gz
Sample18,L04_511,V350052317_L04_B5GTURdgknRAAFA-511,SAMN31394215,/home/lgh0053/Terrapin_Project/VCF_generation/data/reference/ncbi_dataset/data/GCF_027887155.1/GCF_027887155.1_rMalTer1.hap1_genomic.fna,/scratch/lgh0053/terrapin_data/clean/18/V350052317_L04_B5GTURdgknRAAFA-511_1.fq.gz,/scratch/lgh0053/terrapin_data/clean/18/V350052317_L04_B5GTURdgknRAAFA-511_2.fq.gz
Sample18,L04_512,V350052317_L04_B5GTURdgknRAAFA-512,SAMN31394215,/home/lgh0053/Terrapin_Project/VCF_generation/data/reference/ncbi_dataset/data/GCF_027887155.1/GCF_027887155.1_rMalTer1.hap1_genomic.fna,/scratch/lgh0053/terrapin_data/clean/18/V350052317_L04_B5GTURdgknRAAFA-512_1.fq.gz,/scratch/lgh0053/terrapin_data/clean/18/V350052317_L04_B5GTURdgknRAAFA-512_2.fq.gz
Sample2,L01_531,V350053342_L01_B5GTURdgknRAAPA-531,SAMN31394215,/home/lgh0053/Terrapin_Project/VCF_generation/data/reference/ncbi_dataset/data/GCF_027887155.1/GCF_027887155.1_rMalTer1.hap1_genomic.fna,/scratch/lgh0053/terrapin_data/clean/2/V350053342_L01_B5GTURdgknRAAPA-531_1.fq.gz,/scratch/lgh0053/terrapin_data/clean/2/V350053342_L01_B5GTURdgknRAAPA-531_2.fq.gz
Sample2,L01_532,V350053342_L01_B5GTURdgknRAAPA-532,SAMN31394215,/home/lgh0053/Terrapin_Project/VCF_generation/data/reference/ncbi_dataset/data/GCF_027887155.1/GCF_027887155.1_rMalTer1.hap1_genomic.fna,/scratch/lgh0053/terrapin_data/clean/2/V350053342_L01_B5GTURdgknRAAPA-532_1.fq.gz,/scratch/lgh0053/terrapin_data/clean/2/V350053342_L01_B5GTURdgknRAAPA-532_2.fq.gz
Sample2,L02_531,V350053342_L02_B5GTURdgknRAAPA-531,SAMN31394215,/home/lgh0053/Terrapin_Project/VCF_generation/data/reference/ncbi_dataset/data/GCF_027887155.1/GCF_027887155.1_rMalTer1.hap1_genomic.fna,/scratch/lgh0053/terrapin_data/clean/2/V350053342_L02_B5GTURdgknRAAPA-531_1.fq.gz,/scratch/lgh0053/terrapin_data/clean/2/V350053342_L02_B5GTURdgknRAAPA-531_2.fq.gz
Sample2,L02_532,V350053342_L02_B5GTURdgknRAAPA-532,SAMN31394215,/home/lgh0053/Terrapin_Project/VCF_generation/data/reference/ncbi_dataset/data/GCF_027887155.1/GCF_027887155.1_rMalTer1.hap1_genomic.fna,/scratch/lgh0053/terrapin_data/clean/2/V350053342_L02_B5GTURdgknRAAPA-532_1.fq.gz,/scratch/lgh0053/terrapin_data/clean/2/V350053342_L02_B5GTURdgknRAAPA-532_2.fq.gz
Sample2,L03_531,V350053342_L03_B5GTURdgknRAAPA-531,SAMN31394215,/home/lgh0053/Terrapin_Project/VCF_generation/data/reference/ncbi_dataset/data/GCF_027887155.1/GCF_027887155.1_rMalTer1.hap1_genomic.fna,/scratch/lgh0053/terrapin_data/clean/2/V350053342_L03_B5GTURdgknRAAPA-531_1.fq.gz,/scratch/lgh0053/terrapin_data/clean/2/V350053342_L03_B5GTURdgknRAAPA-531_2.fq.gz
Sample2,L03_532,V350053342_L03_B5GTURdgknRAAPA-532,SAMN31394215,/home/lgh0053/Terrapin_Project/VCF_generation/data/reference/ncbi_dataset/data/GCF_027887155.1/GCF_027887155.1_rMalTer1.hap1_genomic.fna,/scratch/lgh0053/terrapin_data/clean/2/V350053342_L03_B5GTURdgknRAAPA-532_1.fq.gz,/scratch/lgh0053/terrapin_data/clean/2/V350053342_L03_B5GTURdgknRAAPA-532_2.fq.gz
Sample2,L04_531,V350053342_L04_B5GTURdgknRAAPA-531,SAMN31394215,/home/lgh0053/Terrapin_Project/VCF_generation/data/reference/ncbi_dataset/data/GCF_027887155.1/GCF_027887155.1_rMalTer1.hap1_genomic.fna,/scratch/lgh0053/terrapin_data/clean/2/V350053342_L04_B5GTURdgknRAAPA-531_1.fq.gz,/scratch/lgh0053/terrapin_data/clean/2/V350053342_L04_B5GTURdgknRAAPA-531_2.fq.gz
Sample2,L04_532,V350053342_L04_B5GTURdgknRAAPA-532,SAMN31394215,/home/lgh0053/Terrapin_Project/VCF_generation/data/reference/ncbi_dataset/data/GCF_027887155.1/GCF_027887155.1_rMalTer1.hap1_genomic.fna,/scratch/lgh0053/terrapin_data/clean/2/V350053342_L04_B5GTURdgknRAAPA-532_1.fq.gz,/scratch/lgh0053/terrapin_data/clean/2/V350053342_L04_B5GTURdgknRAAPA-532_2.fq.gz
Sample22,L01_513,V350052317_L01_B5GTURdgknRAAGA-513,SAMN31394215,/home/lgh0053/Terrapin_Project/VCF_generation/data/reference/ncbi_dataset/data/GCF_027887155.1/GCF_027887155.1_rMalTer1.hap1_genomic.fna,/scratch/lgh0053/terrapin_data/clean/22/V350052317_L01_B5GTURdgknRAAGA-513_1.fq.gz,/scratch/lgh0053/terrapin_data/clean/22/V350052317_L01_B5GTURdgknRAAGA-513_2.fq.gz
Sample22,L01_514,V350052317_L01_B5GTURdgknRAAGA-514,SAMN31394215,/home/lgh0053/Terrapin_Project/VCF_generation/data/reference/ncbi_dataset/data/GCF_027887155.1/GCF_027887155.1_rMalTer1.hap1_genomic.fna,/scratch/lgh0053/terrapin_data/clean/22/V350052317_L01_B5GTURdgknRAAGA-514_1.fq.gz,/scratch/lgh0053/terrapin_data/clean/22/V350052317_L01_B5GTURdgknRAAGA-514_2.fq.gz
Sample22,L02_513,V350052317_L02_B5GTURdgknRAAGA-513,SAMN31394215,/home/lgh0053/Terrapin_Project/VCF_generation/data/reference/ncbi_dataset/data/GCF_027887155.1/GCF_027887155.1_rMalTer1.hap1_genomic.fna,/scratch/lgh0053/terrapin_data/clean/22/V350052317_L02_B5GTURdgknRAAGA-513_1.fq.gz,/scratch/lgh0053/terrapin_data/clean/22/V350052317_L02_B5GTURdgknRAAGA-513_2.fq.gz
Sample22,L02_514,V350052317_L02_B5GTURdgknRAAGA-514,SAMN31394215,/home/lgh0053/Terrapin_Project/VCF_generation/data/reference/ncbi_dataset/data/GCF_027887155.1/GCF_027887155.1_rMalTer1.hap1_genomic.fna,/scratch/lgh0053/terrapin_data/clean/22/V350052317_L02_B5GTURdgknRAAGA-514_1.fq.gz,/scratch/lgh0053/terrapin_data/clean/22/V350052317_L02_B5GTURdgknRAAGA-514_2.fq.gz
Sample22,L03_513,V350052317_L03_B5GTURdgknRAAGA-513,SAMN31394215,/home/lgh0053/Terrapin_Project/VCF_generation/data/reference/ncbi_dataset/data/GCF_027887155.1/GCF_027887155.1_rMalTer1.hap1_genomic.fna,/scratch/lgh0053/terrapin_data/clean/22/V350052317_L03_B5GTURdgknRAAGA-513_1.fq.gz,/scratch/lgh0053/terrapin_data/clean/22/V350052317_L03_B5GTURdgknRAAGA-513_2.fq.gz
Sample22,L03_514,V350052317_L03_B5GTURdgknRAAGA-514,SAMN31394215,/home/lgh0053/Terrapin_Project/VCF_generation/data/reference/ncbi_dataset/data/GCF_027887155.1/GCF_027887155.1_rMalTer1.hap1_genomic.fna,/scratch/lgh0053/terrapin_data/clean/22/V350052317_L03_B5GTURdgknRAAGA-514_1.fq.gz,/scratch/lgh0053/terrapin_data/clean/22/V350052317_L03_B5GTURdgknRAAGA-514_2.fq.gz
Sample22,L04_513,V350052317_L04_B5GTURdgknRAAGA-513,SAMN31394215,/home/lgh0053/Terrapin_Project/VCF_generation/data/reference/ncbi_dataset/data/GCF_027887155.1/GCF_027887155.1_rMalTer1.hap1_genomic.fna,/scratch/lgh0053/terrapin_data/clean/22/V350052317_L04_B5GTURdgknRAAGA-513_1.fq.gz,/scratch/lgh0053/terrapin_data/clean/22/V350052317_L04_B5GTURdgknRAAGA-513_2.fq.gz
Sample22,L04_514,V350052317_L04_B5GTURdgknRAAGA-514,SAMN31394215,/home/lgh0053/Terrapin_Project/VCF_generation/data/reference/ncbi_dataset/data/GCF_027887155.1/GCF_027887155.1_rMalTer1.hap1_genomic.fna,/scratch/lgh0053/terrapin_data/clean/22/V350052317_L04_B5GTURdgknRAAGA-514_1.fq.gz,/scratch/lgh0053/terrapin_data/clean/22/V350052317_L04_B5GTURdgknRAAGA-514_2.fq.gz
Sample23,L01_515,V350052317_L01_B5GTURdgknRAAHA-515,SAMN31394215,/home/lgh0053/Terrapin_Project/VCF_generation/data/reference/ncbi_dataset/data/GCF_027887155.1/GCF_027887155.1_rMalTer1.hap1_genomic.fna,/scratch/lgh0053/terrapin_data/clean/23/V350052317_L01_B5GTURdgknRAAHA-515_1.fq.gz,/scratch/lgh0053/terrapin_data/clean/23/V350052317_L01_B5GTURdgknRAAHA-515_2.fq.gz
Sample23,L01_516,V350052317_L01_B5GTURdgknRAAHA-516,SAMN31394215,/home/lgh0053/Terrapin_Project/VCF_generation/data/reference/ncbi_dataset/data/GCF_027887155.1/GCF_027887155.1_rMalTer1.hap1_genomic.fna,/scratch/lgh0053/terrapin_data/clean/23/V350052317_L01_B5GTURdgknRAAHA-516_1.fq.gz,/scratch/lgh0053/terrapin_data/clean/23/V350052317_L01_B5GTURdgknRAAHA-516_2.fq.gz
Sample23,L02_515,V350052317_L02_B5GTURdgknRAAHA-515,SAMN31394215,/home/lgh0053/Terrapin_Project/VCF_generation/data/reference/ncbi_dataset/data/GCF_027887155.1/GCF_027887155.1_rMalTer1.hap1_genomic.fna,/scratch/lgh0053/terrapin_data/clean/23/V350052317_L02_B5GTURdgknRAAHA-515_1.fq.gz,/scratch/lgh0053/terrapin_data/clean/23/V350052317_L02_B5GTURdgknRAAHA-515_2.fq.gz
Sample23,L02_516,V350052317_L02_B5GTURdgknRAAHA-516,SAMN31394215,/home/lgh0053/Terrapin_Project/VCF_generation/data/reference/ncbi_dataset/data/GCF_027887155.1/GCF_027887155.1_rMalTer1.hap1_genomic.fna,/scratch/lgh0053/terrapin_data/clean/23/V350052317_L02_B5GTURdgknRAAHA-516_1.fq.gz,/scratch/lgh0053/terrapin_data/clean/23/V350052317_L02_B5GTURdgknRAAHA-516_2.fq.gz
Sample23,L03_515,V350052317_L03_B5GTURdgknRAAHA-515,SAMN31394215,/home/lgh0053/Terrapin_Project/VCF_generation/data/reference/ncbi_dataset/data/GCF_027887155.1/GCF_027887155.1_rMalTer1.hap1_genomic.fna,/scratch/lgh0053/terrapin_data/clean/23/V350052317_L03_B5GTURdgknRAAHA-515_1.fq.gz,/scratch/lgh0053/terrapin_data/clean/23/V350052317_L03_B5GTURdgknRAAHA-515_2.fq.gz
Sample23,L03_516,V350052317_L03_B5GTURdgknRAAHA-516,SAMN31394215,/home/lgh0053/Terrapin_Project/VCF_generation/data/reference/ncbi_dataset/data/GCF_027887155.1/GCF_027887155.1_rMalTer1.hap1_genomic.fna,/scratch/lgh0053/terrapin_data/clean/23/V350052317_L03_B5GTURdgknRAAHA-516_1.fq.gz,/scratch/lgh0053/terrapin_data/clean/23/V350052317_L03_B5GTURdgknRAAHA-516_2.fq.gz
Sample23,L04_515,V350052317_L04_B5GTURdgknRAAHA-515,SAMN31394215,/home/lgh0053/Terrapin_Project/VCF_generation/data/reference/ncbi_dataset/data/GCF_027887155.1/GCF_027887155.1_rMalTer1.hap1_genomic.fna,/scratch/lgh0053/terrapin_data/clean/23/V350052317_L04_B5GTURdgknRAAHA-515_1.fq.gz,/scratch/lgh0053/terrapin_data/clean/23/V350052317_L04_B5GTURdgknRAAHA-515_2.fq.gz
Sample23,L04_516,V350052317_L04_B5GTURdgknRAAHA-516,SAMN31394215,/home/lgh0053/Terrapin_Project/VCF_generation/data/reference/ncbi_dataset/data/GCF_027887155.1/GCF_027887155.1_rMalTer1.hap1_genomic.fna,/scratch/lgh0053/terrapin_data/clean/23/V350052317_L04_B5GTURdgknRAAHA-516_1.fq.gz,/scratch/lgh0053/terrapin_data/clean/23/V350052317_L04_B5GTURdgknRAAHA-516_2.fq.gz
Sample24,L01_517,V350053297_L01_B5GTURdgknRAAIA-517,SAMN31394215,/home/lgh0053/Terrapin_Project/VCF_generation/data/reference/ncbi_dataset/data/GCF_027887155.1/GCF_027887155.1_rMalTer1.hap1_genomic.fna,/scratch/lgh0053/terrapin_data/clean/24/V350053297_L01_B5GTURdgknRAAIA-517_1.fq.gz,/scratch/lgh0053/terrapin_data/clean/24/V350053297_L01_B5GTURdgknRAAIA-517_2.fq.gz
Sample24,L01_518,V350053297_L01_B5GTURdgknRAAIA-518,SAMN31394215,/home/lgh0053/Terrapin_Project/VCF_generation/data/reference/ncbi_dataset/data/GCF_027887155.1/GCF_027887155.1_rMalTer1.hap1_genomic.fna,/scratch/lgh0053/terrapin_data/clean/24/V350053297_L01_B5GTURdgknRAAIA-518_1.fq.gz,/scratch/lgh0053/terrapin_data/clean/24/V350053297_L01_B5GTURdgknRAAIA-518_2.fq.gz
Sample24,L02_517,V350053297_L02_B5GTURdgknRAAIA-517,SAMN31394215,/home/lgh0053/Terrapin_Project/VCF_generation/data/reference/ncbi_dataset/data/GCF_027887155.1/GCF_027887155.1_rMalTer1.hap1_genomic.fna,/scratch/lgh0053/terrapin_data/clean/24/V350053297_L02_B5GTURdgknRAAIA-517_1.fq.gz,/scratch/lgh0053/terrapin_data/clean/24/V350053297_L02_B5GTURdgknRAAIA-517_2.fq.gz
Sample24,L02_518,V350053297_L02_B5GTURdgknRAAIA-518,SAMN31394215,/home/lgh0053/Terrapin_Project/VCF_generation/data/reference/ncbi_dataset/data/GCF_027887155.1/GCF_027887155.1_rMalTer1.hap1_genomic.fna,/scratch/lgh0053/terrapin_data/clean/24/V350053297_L02_B5GTURdgknRAAIA-518_1.fq.gz,/scratch/lgh0053/terrapin_data/clean/24/V350053297_L02_B5GTURdgknRAAIA-518_2.fq.gz
Sample24,L03_517,V350053297_L03_B5GTURdgknRAAIA-517,SAMN31394215,/home/lgh0053/Terrapin_Project/VCF_generation/data/reference/ncbi_dataset/data/GCF_027887155.1/GCF_027887155.1_rMalTer1.hap1_genomic.fna,/scratch/lgh0053/terrapin_data/clean/24/V350053297_L03_B5GTURdgknRAAIA-517_1.fq.gz,/scratch/lgh0053/terrapin_data/clean/24/V350053297_L03_B5GTURdgknRAAIA-517_2.fq.gz
Sample24,L03_518,V350053297_L03_B5GTURdgknRAAIA-518,SAMN31394215,/home/lgh0053/Terrapin_Project/VCF_generation/data/reference/ncbi_dataset/data/GCF_027887155.1/GCF_027887155.1_rMalTer1.hap1_genomic.fna,/scratch/lgh0053/terrapin_data/clean/24/V350053297_L03_B5GTURdgknRAAIA-518_1.fq.gz,/scratch/lgh0053/terrapin_data/clean/24/V350053297_L03_B5GTURdgknRAAIA-518_2.fq.gz
Sample24,L04_517,V350053297_L04_B5GTURdgknRAAIA-517,SAMN31394215,/home/lgh0053/Terrapin_Project/VCF_generation/data/reference/ncbi_dataset/data/GCF_027887155.1/GCF_027887155.1_rMalTer1.hap1_genomic.fna,/scratch/lgh0053/terrapin_data/clean/24/V350053297_L04_B5GTURdgknRAAIA-517_1.fq.gz,/scratch/lgh0053/terrapin_data/clean/24/V350053297_L04_B5GTURdgknRAAIA-517_2.fq.gz
Sample24,L04_518,V350053297_L04_B5GTURdgknRAAIA-518,SAMN31394215,/home/lgh0053/Terrapin_Project/VCF_generation/data/reference/ncbi_dataset/data/GCF_027887155.1/GCF_027887155.1_rMalTer1.hap1_genomic.fna,/scratch/lgh0053/terrapin_data/clean/24/V350053297_L04_B5GTURdgknRAAIA-518_1.fq.gz,/scratch/lgh0053/terrapin_data/clean/24/V350053297_L04_B5GTURdgknRAAIA-518_2.fq.gz
Sample44,L01_519,V350053297_L01_B5GTURdgknRAAJA-519,SAMN31394215,/home/lgh0053/Terrapin_Project/VCF_generation/data/reference/ncbi_dataset/data/GCF_027887155.1/GCF_027887155.1_rMalTer1.hap1_genomic.fna,/scratch/lgh0053/terrapin_data/clean/44/V350053297_L01_B5GTURdgknRAAJA-519_1.fq.gz,/scratch/lgh0053/terrapin_data/clean/44/V350053297_L01_B5GTURdgknRAAJA-519_2.fq.gz
Sample44,L01_520,V350053297_L01_B5GTURdgknRAAJA-520,SAMN31394215,/home/lgh0053/Terrapin_Project/VCF_generation/data/reference/ncbi_dataset/data/GCF_027887155.1/GCF_027887155.1_rMalTer1.hap1_genomic.fna,/scratch/lgh0053/terrapin_data/clean/44/V350053297_L01_B5GTURdgknRAAJA-520_1.fq.gz,/scratch/lgh0053/terrapin_data/clean/44/V350053297_L01_B5GTURdgknRAAJA-520_2.fq.gz
Sample44,L02_519,V350053297_L02_B5GTURdgknRAAJA-519,SAMN31394215,/home/lgh0053/Terrapin_Project/VCF_generation/data/reference/ncbi_dataset/data/GCF_027887155.1/GCF_027887155.1_rMalTer1.hap1_genomic.fna,/scratch/lgh0053/terrapin_data/clean/44/V350053297_L02_B5GTURdgknRAAJA-519_1.fq.gz,/scratch/lgh0053/terrapin_data/clean/44/V350053297_L02_B5GTURdgknRAAJA-519_2.fq.gz
Sample44,L02_520,V350053297_L02_B5GTURdgknRAAJA-520,SAMN31394215,/home/lgh0053/Terrapin_Project/VCF_generation/data/reference/ncbi_dataset/data/GCF_027887155.1/GCF_027887155.1_rMalTer1.hap1_genomic.fna,/scratch/lgh0053/terrapin_data/clean/44/V350053297_L02_B5GTURdgknRAAJA-520_1.fq.gz,/scratch/lgh0053/terrapin_data/clean/44/V350053297_L02_B5GTURdgknRAAJA-520_2.fq.gz
Sample44,L03_519,V350053297_L03_B5GTURdgknRAAJA-519,SAMN31394215,/home/lgh0053/Terrapin_Project/VCF_generation/data/reference/ncbi_dataset/data/GCF_027887155.1/GCF_027887155.1_rMalTer1.hap1_genomic.fna,/scratch/lgh0053/terrapin_data/clean/44/V350053297_L03_B5GTURdgknRAAJA-519_1.fq.gz,/scratch/lgh0053/terrapin_data/clean/44/V350053297_L03_B5GTURdgknRAAJA-519_2.fq.gz
Sample44,L03_520,V350053297_L03_B5GTURdgknRAAJA-520,SAMN31394215,/home/lgh0053/Terrapin_Project/VCF_generation/data/reference/ncbi_dataset/data/GCF_027887155.1/GCF_027887155.1_rMalTer1.hap1_genomic.fna,/scratch/lgh0053/terrapin_data/clean/44/V350053297_L03_B5GTURdgknRAAJA-520_1.fq.gz,/scratch/lgh0053/terrapin_data/clean/44/V350053297_L03_B5GTURdgknRAAJA-520_2.fq.gz
Sample44,L04_519,V350053297_L04_B5GTURdgknRAAJA-519,SAMN31394215,/home/lgh0053/Terrapin_Project/VCF_generation/data/reference/ncbi_dataset/data/GCF_027887155.1/GCF_027887155.1_rMalTer1.hap1_genomic.fna,/scratch/lgh0053/terrapin_data/clean/44/V350053297_L04_B5GTURdgknRAAJA-519_1.fq.gz,/scratch/lgh0053/terrapin_data/clean/44/V350053297_L04_B5GTURdgknRAAJA-519_2.fq.gz
Sample44,L04_520,V350053297_L04_B5GTURdgknRAAJA-520,SAMN31394215,/home/lgh0053/Terrapin_Project/VCF_generation/data/reference/ncbi_dataset/data/GCF_027887155.1/GCF_027887155.1_rMalTer1.hap1_genomic.fna,/scratch/lgh0053/terrapin_data/clean/44/V350053297_L04_B5GTURdgknRAAJA-520_1.fq.gz,/scratch/lgh0053/terrapin_data/clean/44/V350053297_L04_B5GTURdgknRAAJA-520_2.fq.gz
Sample47,L01_521,V350053297_L01_B5GTURdgknRAAKA-521,SAMN31394215,/home/lgh0053/Terrapin_Project/VCF_generation/data/reference/ncbi_dataset/data/GCF_027887155.1/GCF_027887155.1_rMalTer1.hap1_genomic.fna,/scratch/lgh0053/terrapin_data/clean/47/V350053297_L01_B5GTURdgknRAAKA-521_1.fq.gz,/scratch/lgh0053/terrapin_data/clean/47/V350053297_L01_B5GTURdgknRAAKA-521_2.fq.gz
Sample47,L01_522,V350053297_L01_B5GTURdgknRAAKA-522,SAMN31394215,/home/lgh0053/Terrapin_Project/VCF_generation/data/reference/ncbi_dataset/data/GCF_027887155.1/GCF_027887155.1_rMalTer1.hap1_genomic.fna,/scratch/lgh0053/terrapin_data/clean/47/V350053297_L01_B5GTURdgknRAAKA-522_1.fq.gz,/scratch/lgh0053/terrapin_data/clean/47/V350053297_L01_B5GTURdgknRAAKA-522_2.fq.gz
Sample47,L02_521,V350053297_L02_B5GTURdgknRAAKA-521,SAMN31394215,/home/lgh0053/Terrapin_Project/VCF_generation/data/reference/ncbi_dataset/data/GCF_027887155.1/GCF_027887155.1_rMalTer1.hap1_genomic.fna,/scratch/lgh0053/terrapin_data/clean/47/V350053297_L02_B5GTURdgknRAAKA-521_1.fq.gz,/scratch/lgh0053/terrapin_data/clean/47/V350053297_L02_B5GTURdgknRAAKA-521_2.fq.gz
Sample47,L02_522,V350053297_L02_B5GTURdgknRAAKA-522,SAMN31394215,/home/lgh0053/Terrapin_Project/VCF_generation/data/reference/ncbi_dataset/data/GCF_027887155.1/GCF_027887155.1_rMalTer1.hap1_genomic.fna,/scratch/lgh0053/terrapin_data/clean/47/V350053297_L02_B5GTURdgknRAAKA-522_1.fq.gz,/scratch/lgh0053/terrapin_data/clean/47/V350053297_L02_B5GTURdgknRAAKA-522_2.fq.gz
Sample47,L03_521,V350053297_L03_B5GTURdgknRAAKA-521,SAMN31394215,/home/lgh0053/Terrapin_Project/VCF_generation/data/reference/ncbi_dataset/data/GCF_027887155.1/GCF_027887155.1_rMalTer1.hap1_genomic.fna,/scratch/lgh0053/terrapin_data/clean/47/V350053297_L03_B5GTURdgknRAAKA-521_1.fq.gz,/scratch/lgh0053/terrapin_data/clean/47/V350053297_L03_B5GTURdgknRAAKA-521_2.fq.gz
Sample47,L03_522,V350053297_L03_B5GTURdgknRAAKA-522,SAMN31394215,/home/lgh0053/Terrapin_Project/VCF_generation/data/reference/ncbi_dataset/data/GCF_027887155.1/GCF_027887155.1_rMalTer1.hap1_genomic.fna,/scratch/lgh0053/terrapin_data/clean/47/V350053297_L03_B5GTURdgknRAAKA-522_1.fq.gz,/scratch/lgh0053/terrapin_data/clean/47/V350053297_L03_B5GTURdgknRAAKA-522_2.fq.gz
Sample47,L04_521,V350053297_L04_B5GTURdgknRAAKA-521,SAMN31394215,/home/lgh0053/Terrapin_Project/VCF_generation/data/reference/ncbi_dataset/data/GCF_027887155.1/GCF_027887155.1_rMalTer1.hap1_genomic.fna,/scratch/lgh0053/terrapin_data/clean/47/V350053297_L04_B5GTURdgknRAAKA-521_1.fq.gz,/scratch/lgh0053/terrapin_data/clean/47/V350053297_L04_B5GTURdgknRAAKA-521_2.fq.gz
Sample47,L04_522,V350053297_L04_B5GTURdgknRAAKA-522,SAMN31394215,/home/lgh0053/Terrapin_Project/VCF_generation/data/reference/ncbi_dataset/data/GCF_027887155.1/GCF_027887155.1_rMalTer1.hap1_genomic.fna,/scratch/lgh0053/terrapin_data/clean/47/V350053297_L04_B5GTURdgknRAAKA-522_1.fq.gz,/scratch/lgh0053/terrapin_data/clean/47/V350053297_L04_B5GTURdgknRAAKA-522_2.fq.gz
Sample6,L01_503,V350052317_L01_B5GTURdgknRAABA-503,SAMN31394215,/home/lgh0053/Terrapin_Project/VCF_generation/data/reference/ncbi_dataset/data/GCF_027887155.1/GCF_027887155.1_rMalTer1.hap1_genomic.fna,/scratch/lgh0053/terrapin_data/clean/6/V350052317_L01_B5GTURdgknRAABA-503_1.fq.gz,/scratch/lgh0053/terrapin_data/clean/6/V350052317_L01_B5GTURdgknRAABA-503_2.fq.gz
Sample6,L01_504,V350052317_L01_B5GTURdgknRAABA-504,SAMN31394215,/home/lgh0053/Terrapin_Project/VCF_generation/data/reference/ncbi_dataset/data/GCF_027887155.1/GCF_027887155.1_rMalTer1.hap1_genomic.fna,/scratch/lgh0053/terrapin_data/clean/6/V350052317_L01_B5GTURdgknRAABA-504_1.fq.gz,/scratch/lgh0053/terrapin_data/clean/6/V350052317_L01_B5GTURdgknRAABA-504_2.fq.gz
Sample6,L02_503,V350052317_L02_B5GTURdgknRAABA-503,SAMN31394215,/home/lgh0053/Terrapin_Project/VCF_generation/data/reference/ncbi_dataset/data/GCF_027887155.1/GCF_027887155.1_rMalTer1.hap1_genomic.fna,/scratch/lgh0053/terrapin_data/clean/6/V350052317_L02_B5GTURdgknRAABA-503_1.fq.gz,/scratch/lgh0053/terrapin_data/clean/6/V350052317_L02_B5GTURdgknRAABA-503_2.fq.gz
Sample6,L02_504,V350052317_L02_B5GTURdgknRAABA-504,SAMN31394215,/home/lgh0053/Terrapin_Project/VCF_generation/data/reference/ncbi_dataset/data/GCF_027887155.1/GCF_027887155.1_rMalTer1.hap1_genomic.fna,/scratch/lgh0053/terrapin_data/clean/6/V350052317_L02_B5GTURdgknRAABA-504_1.fq.gz,/scratch/lgh0053/terrapin_data/clean/6/V350052317_L02_B5GTURdgknRAABA-504_2.fq.gz
Sample6,L03_503,V350052317_L03_B5GTURdgknRAABA-503,SAMN31394215,/home/lgh0053/Terrapin_Project/VCF_generation/data/reference/ncbi_dataset/data/GCF_027887155.1/GCF_027887155.1_rMalTer1.hap1_genomic.fna,/scratch/lgh0053/terrapin_data/clean/6/V350052317_L03_B5GTURdgknRAABA-503_1.fq.gz,/scratch/lgh0053/terrapin_data/clean/6/V350052317_L03_B5GTURdgknRAABA-503_2.fq.gz
Sample6,L03_504,V350052317_L03_B5GTURdgknRAABA-504,SAMN31394215,/home/lgh0053/Terrapin_Project/VCF_generation/data/reference/ncbi_dataset/data/GCF_027887155.1/GCF_027887155.1_rMalTer1.hap1_genomic.fna,/scratch/lgh0053/terrapin_data/clean/6/V350052317_L03_B5GTURdgknRAABA-504_1.fq.gz,/scratch/lgh0053/terrapin_data/clean/6/V350052317_L03_B5GTURdgknRAABA-504_2.fq.gz
Sample6,L04_503,V350052317_L04_B5GTURdgknRAABA-503,SAMN31394215,/home/lgh0053/Terrapin_Project/VCF_generation/data/reference/ncbi_dataset/data/GCF_027887155.1/GCF_027887155.1_rMalTer1.hap1_genomic.fna,/scratch/lgh0053/terrapin_data/clean/6/V350052317_L04_B5GTURdgknRAABA-503_1.fq.gz,/scratch/lgh0053/terrapin_data/clean/6/V350052317_L04_B5GTURdgknRAABA-503_2.fq.gz
Sample6,L04_504,V350052317_L04_B5GTURdgknRAABA-504,SAMN31394215,/home/lgh0053/Terrapin_Project/VCF_generation/data/reference/ncbi_dataset/data/GCF_027887155.1/GCF_027887155.1_rMalTer1.hap1_genomic.fna,/scratch/lgh0053/terrapin_data/clean/6/V350052317_L04_B5GTURdgknRAABA-504_1.fq.gz,/scratch/lgh0053/terrapin_data/clean/6/V350052317_L04_B5GTURdgknRAABA-504_2.fq.gz
Sample60,L01_523,V350053297_L01_B5GTURdgknRAALA-523,SAMN31394215,/home/lgh0053/Terrapin_Project/VCF_generation/data/reference/ncbi_dataset/data/GCF_027887155.1/GCF_027887155.1_rMalTer1.hap1_genomic.fna,/scratch/lgh0053/terrapin_data/clean/60/V350053297_L01_B5GTURdgknRAALA-523_1.fq.gz,/scratch/lgh0053/terrapin_data/clean/60/V350053297_L01_B5GTURdgknRAALA-523_2.fq.gz
Sample60,L01_524,V350053297_L01_B5GTURdgknRAALA-524,SAMN31394215,/home/lgh0053/Terrapin_Project/VCF_generation/data/reference/ncbi_dataset/data/GCF_027887155.1/GCF_027887155.1_rMalTer1.hap1_genomic.fna,/scratch/lgh0053/terrapin_data/clean/60/V350053297_L01_B5GTURdgknRAALA-524_1.fq.gz,/scratch/lgh0053/terrapin_data/clean/60/V350053297_L01_B5GTURdgknRAALA-524_2.fq.gz
Sample60,L02_523,V350053297_L02_B5GTURdgknRAALA-523,SAMN31394215,/home/lgh0053/Terrapin_Project/VCF_generation/data/reference/ncbi_dataset/data/GCF_027887155.1/GCF_027887155.1_rMalTer1.hap1_genomic.fna,/scratch/lgh0053/terrapin_data/clean/60/V350053297_L02_B5GTURdgknRAALA-523_1.fq.gz,/scratch/lgh0053/terrapin_data/clean/60/V350053297_L02_B5GTURdgknRAALA-523_2.fq.gz
Sample60,L02_524,V350053297_L02_B5GTURdgknRAALA-524,SAMN31394215,/home/lgh0053/Terrapin_Project/VCF_generation/data/reference/ncbi_dataset/data/GCF_027887155.1/GCF_027887155.1_rMalTer1.hap1_genomic.fna,/scratch/lgh0053/terrapin_data/clean/60/V350053297_L02_B5GTURdgknRAALA-524_1.fq.gz,/scratch/lgh0053/terrapin_data/clean/60/V350053297_L02_B5GTURdgknRAALA-524_2.fq.gz
Sample60,L03_523,V350053297_L03_B5GTURdgknRAALA-523,SAMN31394215,/home/lgh0053/Terrapin_Project/VCF_generation/data/reference/ncbi_dataset/data/GCF_027887155.1/GCF_027887155.1_rMalTer1.hap1_genomic.fna,/scratch/lgh0053/terrapin_data/clean/60/V350053297_L03_B5GTURdgknRAALA-523_1.fq.gz,/scratch/lgh0053/terrapin_data/clean/60/V350053297_L03_B5GTURdgknRAALA-523_2.fq.gz
Sample60,L03_524,V350053297_L03_B5GTURdgknRAALA-524,SAMN31394215,/home/lgh0053/Terrapin_Project/VCF_generation/data/reference/ncbi_dataset/data/GCF_027887155.1/GCF_027887155.1_rMalTer1.hap1_genomic.fna,/scratch/lgh0053/terrapin_data/clean/60/V350053297_L03_B5GTURdgknRAALA-524_1.fq.gz,/scratch/lgh0053/terrapin_data/clean/60/V350053297_L03_B5GTURdgknRAALA-524_2.fq.gz
Sample60,L04_523,V350053297_L04_B5GTURdgknRAALA-523,SAMN31394215,/home/lgh0053/Terrapin_Project/VCF_generation/data/reference/ncbi_dataset/data/GCF_027887155.1/GCF_027887155.1_rMalTer1.hap1_genomic.fna,/scratch/lgh0053/terrapin_data/clean/60/V350053297_L04_B5GTURdgknRAALA-523_1.fq.gz,/scratch/lgh0053/terrapin_data/clean/60/V350053297_L04_B5GTURdgknRAALA-523_2.fq.gz
Sample60,L04_524,V350053297_L04_B5GTURdgknRAALA-524,SAMN31394215,/home/lgh0053/Terrapin_Project/VCF_generation/data/reference/ncbi_dataset/data/GCF_027887155.1/GCF_027887155.1_rMalTer1.hap1_genomic.fna,/scratch/lgh0053/terrapin_data/clean/60/V350053297_L04_B5GTURdgknRAALA-524_1.fq.gz,/scratch/lgh0053/terrapin_data/clean/60/V350053297_L04_B5GTURdgknRAALA-524_2.fq.gz
Sample64,L01_525,V350053297_L01_B5GTURdgknRAAMA-525,SAMN31394215,/home/lgh0053/Terrapin_Project/VCF_generation/data/reference/ncbi_dataset/data/GCF_027887155.1/GCF_027887155.1_rMalTer1.hap1_genomic.fna,/scratch/lgh0053/terrapin_data/clean/64/V350053297_L01_B5GTURdgknRAAMA-525_1.fq.gz,/scratch/lgh0053/terrapin_data/clean/64/V350053297_L01_B5GTURdgknRAAMA-525_2.fq.gz
Sample64,L01_526,V350053297_L01_B5GTURdgknRAAMA-526,SAMN31394215,/home/lgh0053/Terrapin_Project/VCF_generation/data/reference/ncbi_dataset/data/GCF_027887155.1/GCF_027887155.1_rMalTer1.hap1_genomic.fna,/scratch/lgh0053/terrapin_data/clean/64/V350053297_L01_B5GTURdgknRAAMA-526_1.fq.gz,/scratch/lgh0053/terrapin_data/clean/64/V350053297_L01_B5GTURdgknRAAMA-526_2.fq.gz
Sample64,L02_525,V350053297_L02_B5GTURdgknRAAMA-525,SAMN31394215,/home/lgh0053/Terrapin_Project/VCF_generation/data/reference/ncbi_dataset/data/GCF_027887155.1/GCF_027887155.1_rMalTer1.hap1_genomic.fna,/scratch/lgh0053/terrapin_data/clean/64/V350053297_L02_B5GTURdgknRAAMA-525_1.fq.gz,/scratch/lgh0053/terrapin_data/clean/64/V350053297_L02_B5GTURdgknRAAMA-525_2.fq.gz
Sample64,L02_526,V350053297_L02_B5GTURdgknRAAMA-526,SAMN31394215,/home/lgh0053/Terrapin_Project/VCF_generation/data/reference/ncbi_dataset/data/GCF_027887155.1/GCF_027887155.1_rMalTer1.hap1_genomic.fna,/scratch/lgh0053/terrapin_data/clean/64/V350053297_L02_B5GTURdgknRAAMA-526_1.fq.gz,/scratch/lgh0053/terrapin_data/clean/64/V350053297_L02_B5GTURdgknRAAMA-526_2.fq.gz
Sample64,L03_525,V350053297_L03_B5GTURdgknRAAMA-525,SAMN31394215,/home/lgh0053/Terrapin_Project/VCF_generation/data/reference/ncbi_dataset/data/GCF_027887155.1/GCF_027887155.1_rMalTer1.hap1_genomic.fna,/scratch/lgh0053/terrapin_data/clean/64/V350053297_L03_B5GTURdgknRAAMA-525_1.fq.gz,/scratch/lgh0053/terrapin_data/clean/64/V350053297_L03_B5GTURdgknRAAMA-525_2.fq.gz
Sample64,L03_526,V350053297_L03_B5GTURdgknRAAMA-526,SAMN31394215,/home/lgh0053/Terrapin_Project/VCF_generation/data/reference/ncbi_dataset/data/GCF_027887155.1/GCF_027887155.1_rMalTer1.hap1_genomic.fna,/scratch/lgh0053/terrapin_data/clean/64/V350053297_L03_B5GTURdgknRAAMA-526_1.fq.gz,/scratch/lgh0053/terrapin_data/clean/64/V350053297_L03_B5GTURdgknRAAMA-526_2.fq.gz
Sample64,L04_525,V350053297_L04_B5GTURdgknRAAMA-525,SAMN31394215,/home/lgh0053/Terrapin_Project/VCF_generation/data/reference/ncbi_dataset/data/GCF_027887155.1/GCF_027887155.1_rMalTer1.hap1_genomic.fna,/scratch/lgh0053/terrapin_data/clean/64/V350053297_L04_B5GTURdgknRAAMA-525_1.fq.gz,/scratch/lgh0053/terrapin_data/clean/64/V350053297_L04_B5GTURdgknRAAMA-525_2.fq.gz
Sample64,L04_526,V350053297_L04_B5GTURdgknRAAMA-526,SAMN31394215,/home/lgh0053/Terrapin_Project/VCF_generation/data/reference/ncbi_dataset/data/GCF_027887155.1/GCF_027887155.1_rMalTer1.hap1_genomic.fna,/scratch/lgh0053/terrapin_data/clean/64/V350053297_L04_B5GTURdgknRAAMA-526_1.fq.gz,/scratch/lgh0053/terrapin_data/clean/64/V350053297_L04_B5GTURdgknRAAMA-526_2.fq.gz
Sample7,L01_505,V350052317_L01_B5GTURdgknRAACA-505,SAMN31394215,/home/lgh0053/Terrapin_Project/VCF_generation/data/reference/ncbi_dataset/data/GCF_027887155.1/GCF_027887155.1_rMalTer1.hap1_genomic.fna,/scratch/lgh0053/terrapin_data/clean/7/V350052317_L01_B5GTURdgknRAACA-505_1.fq.gz,/scratch/lgh0053/terrapin_data/clean/7/V350052317_L01_B5GTURdgknRAACA-505_2.fq.gz
Sample7,L01_506,V350052317_L01_B5GTURdgknRAACA-506,SAMN31394215,/home/lgh0053/Terrapin_Project/VCF_generation/data/reference/ncbi_dataset/data/GCF_027887155.1/GCF_027887155.1_rMalTer1.hap1_genomic.fna,/scratch/lgh0053/terrapin_data/clean/7/V350052317_L01_B5GTURdgknRAACA-506_1.fq.gz,/scratch/lgh0053/terrapin_data/clean/7/V350052317_L01_B5GTURdgknRAACA-506_2.fq.gz
Sample7,L02_505,V350052317_L02_B5GTURdgknRAACA-505,SAMN31394215,/home/lgh0053/Terrapin_Project/VCF_generation/data/reference/ncbi_dataset/data/GCF_027887155.1/GCF_027887155.1_rMalTer1.hap1_genomic.fna,/scratch/lgh0053/terrapin_data/clean/7/V350052317_L02_B5GTURdgknRAACA-505_1.fq.gz,/scratch/lgh0053/terrapin_data/clean/7/V350052317_L02_B5GTURdgknRAACA-505_2.fq.gz
Sample7,L02_506,V350052317_L02_B5GTURdgknRAACA-506,SAMN31394215,/home/lgh0053/Terrapin_Project/VCF_generation/data/reference/ncbi_dataset/data/GCF_027887155.1/GCF_027887155.1_rMalTer1.hap1_genomic.fna,/scratch/lgh0053/terrapin_data/clean/7/V350052317_L02_B5GTURdgknRAACA-506_1.fq.gz,/scratch/lgh0053/terrapin_data/clean/7/V350052317_L02_B5GTURdgknRAACA-506_2.fq.gz
Sample7,L03_505,V350052317_L03_B5GTURdgknRAACA-505,SAMN31394215,/home/lgh0053/Terrapin_Project/VCF_generation/data/reference/ncbi_dataset/data/GCF_027887155.1/GCF_027887155.1_rMalTer1.hap1_genomic.fna,/scratch/lgh0053/terrapin_data/clean/7/V350052317_L03_B5GTURdgknRAACA-505_1.fq.gz,/scratch/lgh0053/terrapin_data/clean/7/V350052317_L03_B5GTURdgknRAACA-505_2.fq.gz
Sample7,L03_506,V350052317_L03_B5GTURdgknRAACA-506,SAMN31394215,/home/lgh0053/Terrapin_Project/VCF_generation/data/reference/ncbi_dataset/data/GCF_027887155.1/GCF_027887155.1_rMalTer1.hap1_genomic.fna,/scratch/lgh0053/terrapin_data/clean/7/V350052317_L03_B5GTURdgknRAACA-506_1.fq.gz,/scratch/lgh0053/terrapin_data/clean/7/V350052317_L03_B5GTURdgknRAACA-506_2.fq.gz
Sample7,L04_505,V350052317_L04_B5GTURdgknRAACA-505,SAMN31394215,/home/lgh0053/Terrapin_Project/VCF_generation/data/reference/ncbi_dataset/data/GCF_027887155.1/GCF_027887155.1_rMalTer1.hap1_genomic.fna,/scratch/lgh0053/terrapin_data/clean/7/V350052317_L04_B5GTURdgknRAACA-505_1.fq.gz,/scratch/lgh0053/terrapin_data/clean/7/V350052317_L04_B5GTURdgknRAACA-505_2.fq.gz
Sample7,L04_506,V350052317_L04_B5GTURdgknRAACA-506,SAMN31394215,/home/lgh0053/Terrapin_Project/VCF_generation/data/reference/ncbi_dataset/data/GCF_027887155.1/GCF_027887155.1_rMalTer1.hap1_genomic.fna,/scratch/lgh0053/terrapin_data/clean/7/V350052317_L04_B5GTURdgknRAACA-506_1.fq.gz,/scratch/lgh0053/terrapin_data/clean/7/V350052317_L04_B5GTURdgknRAACA-506_2.fq.gz
Sample76,L01_567,V350053342_L01_B5GTURdgknRAARA-567,SAMN31394215,/home/lgh0053/Terrapin_Project/VCF_generation/data/reference/ncbi_dataset/data/GCF_027887155.1/GCF_027887155.1_rMalTer1.hap1_genomic.fna,/scratch/lgh0053/terrapin_data/clean/76/V350053342_L01_B5GTURdgknRAARA-567_1.fq.gz,/scratch/lgh0053/terrapin_data/clean/76/V350053342_L01_B5GTURdgknRAARA-567_2.fq.gz
Sample76,L01_568,V350053342_L01_B5GTURdgknRAARA-568,SAMN31394215,/home/lgh0053/Terrapin_Project/VCF_generation/data/reference/ncbi_dataset/data/GCF_027887155.1/GCF_027887155.1_rMalTer1.hap1_genomic.fna,/scratch/lgh0053/terrapin_data/clean/76/V350053342_L01_B5GTURdgknRAARA-568_1.fq.gz,/scratch/lgh0053/terrapin_data/clean/76/V350053342_L01_B5GTURdgknRAARA-568_2.fq.gz
Sample76,L02_567,V350053342_L02_B5GTURdgknRAARA-567,SAMN31394215,/home/lgh0053/Terrapin_Project/VCF_generation/data/reference/ncbi_dataset/data/GCF_027887155.1/GCF_027887155.1_rMalTer1.hap1_genomic.fna,/scratch/lgh0053/terrapin_data/clean/76/V350053342_L02_B5GTURdgknRAARA-567_1.fq.gz,/scratch/lgh0053/terrapin_data/clean/76/V350053342_L02_B5GTURdgknRAARA-567_2.fq.gz
Sample76,L02_568,V350053342_L02_B5GTURdgknRAARA-568,SAMN31394215,/home/lgh0053/Terrapin_Project/VCF_generation/data/reference/ncbi_dataset/data/GCF_027887155.1/GCF_027887155.1_rMalTer1.hap1_genomic.fna,/scratch/lgh0053/terrapin_data/clean/76/V350053342_L02_B5GTURdgknRAARA-568_1.fq.gz,/scratch/lgh0053/terrapin_data/clean/76/V350053342_L02_B5GTURdgknRAARA-568_2.fq.gz
Sample76,L03_567,V350053342_L03_B5GTURdgknRAARA-567,SAMN31394215,/home/lgh0053/Terrapin_Project/VCF_generation/data/reference/ncbi_dataset/data/GCF_027887155.1/GCF_027887155.1_rMalTer1.hap1_genomic.fna,/scratch/lgh0053/terrapin_data/clean/76/V350053342_L03_B5GTURdgknRAARA-567_1.fq.gz,/scratch/lgh0053/terrapin_data/clean/76/V350053342_L03_B5GTURdgknRAARA-567_2.fq.gz
Sample76,L03_568,V350053342_L03_B5GTURdgknRAARA-568,SAMN31394215,/home/lgh0053/Terrapin_Project/VCF_generation/data/reference/ncbi_dataset/data/GCF_027887155.1/GCF_027887155.1_rMalTer1.hap1_genomic.fna,/scratch/lgh0053/terrapin_data/clean/76/V350053342_L03_B5GTURdgknRAARA-568_1.fq.gz,/scratch/lgh0053/terrapin_data/clean/76/V350053342_L03_B5GTURdgknRAARA-568_2.fq.gz
Sample76,L04_567,V350053342_L04_B5GTURdgknRAARA-567,SAMN31394215,/home/lgh0053/Terrapin_Project/VCF_generation/data/reference/ncbi_dataset/data/GCF_027887155.1/GCF_027887155.1_rMalTer1.hap1_genomic.fna,/scratch/lgh0053/terrapin_data/clean/76/V350053342_L04_B5GTURdgknRAARA-567_1.fq.gz,/scratch/lgh0053/terrapin_data/clean/76/V350053342_L04_B5GTURdgknRAARA-567_2.fq.gz
Sample76,L04_568,V350053342_L04_B5GTURdgknRAARA-568,SAMN31394215,/home/lgh0053/Terrapin_Project/VCF_generation/data/reference/ncbi_dataset/data/GCF_027887155.1/GCF_027887155.1_rMalTer1.hap1_genomic.fna,/scratch/lgh0053/terrapin_data/clean/76/V350053342_L04_B5GTURdgknRAARA-568_1.fq.gz,/scratch/lgh0053/terrapin_data/clean/76/V350053342_L04_B5GTURdgknRAARA-568_2.fq.gz
Sample9,L01_507,V350052317_L01_B5GTURdgknRAADA-507,SAMN31394215,/home/lgh0053/Terrapin_Project/VCF_generation/data/reference/ncbi_dataset/data/GCF_027887155.1/GCF_027887155.1_rMalTer1.hap1_genomic.fna,/scratch/lgh0053/terrapin_data/clean/9/V350052317_L01_B5GTURdgknRAADA-507_1.fq.gz,/scratch/lgh0053/terrapin_data/clean/9/V350052317_L01_B5GTURdgknRAADA-507_2.fq.gz
Sample9,L01_508,V350052317_L01_B5GTURdgknRAADA-508,SAMN31394215,/home/lgh0053/Terrapin_Project/VCF_generation/data/reference/ncbi_dataset/data/GCF_027887155.1/GCF_027887155.1_rMalTer1.hap1_genomic.fna,/scratch/lgh0053/terrapin_data/clean/9/V350052317_L01_B5GTURdgknRAADA-508_1.fq.gz,/scratch/lgh0053/terrapin_data/clean/9/V350052317_L01_B5GTURdgknRAADA-508_2.fq.gz
Sample9,L02_507,V350052317_L02_B5GTURdgknRAADA-507,SAMN31394215,/home/lgh0053/Terrapin_Project/VCF_generation/data/reference/ncbi_dataset/data/GCF_027887155.1/GCF_027887155.1_rMalTer1.hap1_genomic.fna,/scratch/lgh0053/terrapin_data/clean/9/V350052317_L02_B5GTURdgknRAADA-507_1.fq.gz,/scratch/lgh0053/terrapin_data/clean/9/V350052317_L02_B5GTURdgknRAADA-507_2.fq.gz
Sample9,L02_508,V350052317_L02_B5GTURdgknRAADA-508,SAMN31394215,/home/lgh0053/Terrapin_Project/VCF_generation/data/reference/ncbi_dataset/data/GCF_027887155.1/GCF_027887155.1_rMalTer1.hap1_genomic.fna,/scratch/lgh0053/terrapin_data/clean/9/V350052317_L02_B5GTURdgknRAADA-508_1.fq.gz,/scratch/lgh0053/terrapin_data/clean/9/V350052317_L02_B5GTURdgknRAADA-508_2.fq.gz
Sample9,L03_507,V350052317_L03_B5GTURdgknRAADA-507,SAMN31394215,/home/lgh0053/Terrapin_Project/VCF_generation/data/reference/ncbi_dataset/data/GCF_027887155.1/GCF_027887155.1_rMalTer1.hap1_genomic.fna,/scratch/lgh0053/terrapin_data/clean/9/V350052317_L03_B5GTURdgknRAADA-507_1.fq.gz,/scratch/lgh0053/terrapin_data/clean/9/V350052317_L03_B5GTURdgknRAADA-507_2.fq.gz
Sample9,L03_508,V350052317_L03_B5GTURdgknRAADA-508,SAMN31394215,/home/lgh0053/Terrapin_Project/VCF_generation/data/reference/ncbi_dataset/data/GCF_027887155.1/GCF_027887155.1_rMalTer1.hap1_genomic.fna,/scratch/lgh0053/terrapin_data/clean/9/V350052317_L03_B5GTURdgknRAADA-508_1.fq.gz,/scratch/lgh0053/terrapin_data/clean/9/V350052317_L03_B5GTURdgknRAADA-508_2.fq.gz
Sample9,L04_507,V350052317_L04_B5GTURdgknRAADA-507,SAMN31394215,/home/lgh0053/Terrapin_Project/VCF_generation/data/reference/ncbi_dataset/data/GCF_027887155.1/GCF_027887155.1_rMalTer1.hap1_genomic.fna,/scratch/lgh0053/terrapin_data/clean/9/V350052317_L04_B5GTURdgknRAADA-507_1.fq.gz,/scratch/lgh0053/terrapin_data/clean/9/V350052317_L04_B5GTURdgknRAADA-507_2.fq.gz
Sample9,L04_508,V350052317_L04_B5GTURdgknRAADA-508,SAMN31394215,/home/lgh0053/Terrapin_Project/VCF_generation/data/reference/ncbi_dataset/data/GCF_027887155.1/GCF_027887155.1_rMalTer1.hap1_genomic.fna,/scratch/lgh0053/terrapin_data/clean/9/V350052317_L04_B5GTURdgknRAADA-508_1.fq.gz,/scratch/lgh0053/terrapin_data/clean/9/V350052317_L04_B5GTURdgknRAADA-508_2.fq.gz
Sample93,L01_571,V350053342_L01_B5GTURdgknRAASA-571,SAMN31394215,/home/lgh0053/Terrapin_Project/VCF_generation/data/reference/ncbi_dataset/data/GCF_027887155.1/GCF_027887155.1_rMalTer1.hap1_genomic.fna,/scratch/lgh0053/terrapin_data/clean/93/V350053342_L01_B5GTURdgknRAASA-571_1.fq.gz,/scratch/lgh0053/terrapin_data/clean/93/V350053342_L01_B5GTURdgknRAASA-571_2.fq.gz
Sample93,L01_572,V350053342_L01_B5GTURdgknRAASA-572,SAMN31394215,/home/lgh0053/Terrapin_Project/VCF_generation/data/reference/ncbi_dataset/data/GCF_027887155.1/GCF_027887155.1_rMalTer1.hap1_genomic.fna,/scratch/lgh0053/terrapin_data/clean/93/V350053342_L01_B5GTURdgknRAASA-572_1.fq.gz,/scratch/lgh0053/terrapin_data/clean/93/V350053342_L01_B5GTURdgknRAASA-572_2.fq.gz
Sample93,L02_571,V350053342_L02_B5GTURdgknRAASA-571,SAMN31394215,/home/lgh0053/Terrapin_Project/VCF_generation/data/reference/ncbi_dataset/data/GCF_027887155.1/GCF_027887155.1_rMalTer1.hap1_genomic.fna,/scratch/lgh0053/terrapin_data/clean/93/V350053342_L02_B5GTURdgknRAASA-571_1.fq.gz,/scratch/lgh0053/terrapin_data/clean/93/V350053342_L02_B5GTURdgknRAASA-571_2.fq.gz
Sample93,L02_572,V350053342_L02_B5GTURdgknRAASA-572,SAMN31394215,/home/lgh0053/Terrapin_Project/VCF_generation/data/reference/ncbi_dataset/data/GCF_027887155.1/GCF_027887155.1_rMalTer1.hap1_genomic.fna,/scratch/lgh0053/terrapin_data/clean/93/V350053342_L02_B5GTURdgknRAASA-572_1.fq.gz,/scratch/lgh0053/terrapin_data/clean/93/V350053342_L02_B5GTURdgknRAASA-572_2.fq.gz
Sample93,L03_571,V350053342_L03_B5GTURdgknRAASA-571,SAMN31394215,/home/lgh0053/Terrapin_Project/VCF_generation/data/reference/ncbi_dataset/data/GCF_027887155.1/GCF_027887155.1_rMalTer1.hap1_genomic.fna,/scratch/lgh0053/terrapin_data/clean/93/V350053342_L03_B5GTURdgknRAASA-571_1.fq.gz,/scratch/lgh0053/terrapin_data/clean/93/V350053342_L03_B5GTURdgknRAASA-571_2.fq.gz
Sample93,L03_572,V350053342_L03_B5GTURdgknRAASA-572,SAMN31394215,/home/lgh0053/Terrapin_Project/VCF_generation/data/reference/ncbi_dataset/data/GCF_027887155.1/GCF_027887155.1_rMalTer1.hap1_genomic.fna,/scratch/lgh0053/terrapin_data/clean/93/V350053342_L03_B5GTURdgknRAASA-572_1.fq.gz,/scratch/lgh0053/terrapin_data/clean/93/V350053342_L03_B5GTURdgknRAASA-572_2.fq.gz
Sample93,L04_571,V350053342_L04_B5GTURdgknRAASA-571,SAMN31394215,/home/lgh0053/Terrapin_Project/VCF_generation/data/reference/ncbi_dataset/data/GCF_027887155.1/GCF_027887155.1_rMalTer1.hap1_genomic.fna,/scratch/lgh0053/terrapin_data/clean/93/V350053342_L04_B5GTURdgknRAASA-571_1.fq.gz,/scratch/lgh0053/terrapin_data/clean/93/V350053342_L04_B5GTURdgknRAASA-571_2.fq.gz
Sample93,L04_572,V350053342_L04_B5GTURdgknRAASA-572,SAMN31394215,/home/lgh0053/Terrapin_Project/VCF_generation/data/reference/ncbi_dataset/data/GCF_027887155.1/GCF_027887155.1_rMalTer1.hap1_genomic.fna,/scratch/lgh0053/terrapin_data/clean/93/V350053342_L04_B5GTURdgknRAASA-572_1.fq.gz,/scratch/lgh0053/terrapin_data/clean/93/V350053342_L04_B5GTURdgknRAASA-572_2.fq.gz
